{"loss": [9865.6455078125, 9851.796875, 9821.880859375, 9767.2431640625, 9680.3466796875, 9550.228515625, 9370.33984375, 9141.4140625, 8835.8818359375, 8469.841796875, 8008.4892578125, 7337.39208984375, 6613.85693359375, 5848.88720703125, 4888.51806640625, 3992.836669921875, 3049.451416015625, 2173.94580078125, 1726.447509765625, 1623.644775390625, 1532.760986328125, 1589.2708740234375, 1367.7713623046875, 1098.3160400390625, 1243.29296875, 1219.485107421875, 1301.645263671875, 1040.9183349609375, 1309.8677978515625, 1000.5476684570312, 1156.744384765625, 1115.1785888671875, 1058.934326171875, 1026.8468017578125, 915.4302978515625, 925.2821044921875, 913.5973510742188, 862.4993896484375, 841.9998168945312, 959.0494995117188, 937.90625, 873.9523315429688, 922.1934814453125, 974.2789306640625, 785.291015625, 722.9405517578125, 794.1641235351562, 901.6135864257812, 944.1671142578125, 708.7493286132812, 774.9281005859375, 921.0943603515625, 900.69091796875, 656.377197265625, 835.3865966796875, 713.6280517578125, 713.8688354492188, 810.6676635742188, 903.4939575195312, 773.4008178710938, 720.2574462890625, 614.6968994140625, 749.120849609375, 669.1997680664062, 671.9586791992188, 766.990966796875, 741.3518676757812, 781.2196044921875, 655.7764892578125, 822.6243896484375, 717.985595703125, 847.3211669921875, 643.2999877929688, 611.0406494140625, 622.1317749023438, 604.4953002929688, 729.7947998046875, 688.3310546875, 674.2301025390625, 728.5682983398438, 617.0596923828125, 758.3178100585938, 716.9793701171875, 653.5144653320312, 730.0623779296875, 671.1406860351562, 697.9749755859375, 598.9429931640625, 562.1354370117188, 564.8597412109375, 767.5491333007812, 590.9925537109375, 584.7867431640625, 807.93359375, 600.6160888671875, 698.5840454101562, 645.1393432617188, 554.5125732421875, 650.4659423828125, 605.9459228515625], "mae": [9864.9560546875, 9851.146484375, 9821.080078125, 9766.08203125, 9678.4951171875, 9547.291015625, 9365.943359375, 9135.2216796875, 8827.5556640625, 8459.0703125, 7995.01708984375, 7320.9130859375, 6594.0458984375, 5825.48388671875, 4861.25927734375, 3961.4765625, 3013.62744140625, 2133.401611328125, 1681.779541015625, 1576.2125244140625, 1483.9796142578125, 1539.434814453125, 1316.9954833984375, 1046.667724609375, 1191.5179443359375, 1167.227783203125, 1248.584228515625, 987.8917236328125, 1257.17578125, 948.1334838867188, 1104.614013671875, 1062.515380859375, 1005.59326171875, 973.310546875, 861.6514892578125, 871.2708740234375, 858.7781372070312, 807.2034912109375, 786.7547607421875, 903.5230712890625, 882.2989501953125, 818.4810791015625, 866.5458984375, 918.5986328125, 729.2760009765625, 666.465087890625, 737.8899536132812, 845.5367431640625, 888.4228515625, 652.563232421875, 718.6617431640625, 864.7902221679688, 844.0647583007812, 599.7118530273438, 778.7692260742188, 656.9892578125, 657.1743774414062, 754.3253173828125, 847.3421630859375, 716.839111328125, 663.4680786132812, 558.0358276367188, 692.5775146484375, 612.5401611328125, 615.2220458984375, 710.3353271484375, 684.8172607421875, 724.5877685546875, 599.1817626953125, 766.1763305664062, 661.5518798828125, 790.6906127929688, 586.541015625, 554.159423828125, 565.2291259765625, 547.5706787109375, 672.7493286132812, 631.1817016601562, 617.0715942382812, 671.49560546875, 560.0940551757812, 701.39697265625, 660.0126342773438, 596.4325561523438, 672.9823608398438, 614.1016235351562, 640.8525390625, 541.7390747070312, 504.8628845214844, 507.59625244140625, 710.2659301757812, 533.6409912109375, 527.44140625, 750.6021728515625, 543.294921875, 641.2371215820312, 587.7123413085938, 497.12921142578125, 593.1508178710938, 548.6917724609375], "val_loss": [9149.9423828125, 8922.1015625, 9585.2919921875, 9509.4921875, 9494.96484375, 9028.96484375, 8729.9599609375, 8839.5185546875, 7791.5380859375, 7600.2314453125, 6608.6162109375, 5600.15087890625, 4694.82421875, 3359.145751953125, 3635.21875, 4506.57470703125, 5881.6572265625, 6263.52490234375, 5491.2998046875, 5393.97509765625, 6513.69921875, 5374.146484375, 4760.1298828125, 3113.028076171875, 3219.010986328125, 4793.32275390625, 4788.2890625, 3232.7802734375, 2828.48388671875, 2475.392822265625, 2641.51708984375, 2478.69677734375, 2277.593017578125, 1700.4808349609375, 1809.3323974609375, 1658.305908203125, 1776.737548828125, 1543.2099609375, 2007.81640625, 1136.076416015625, 1327.4761962890625, 913.4501953125, 1120.1768798828125, 1049.986083984375, 1417.862548828125, 1195.936279296875, 1296.694091796875, 1206.58203125, 1046.8446044921875, 1066.052734375, 1373.1417236328125, 944.0789794921875, 947.9533081054688, 849.3941650390625, 713.9322509765625, 707.28271484375, 750.0841674804688, 1057.159423828125, 947.85205078125, 1239.126953125, 1080.392822265625, 1028.868408203125, 975.7879028320312, 907.8064575195312, 1053.5654296875, 1150.1998291015625, 1059.1005859375, 1022.7879028320312, 955.6696166992188, 1073.0028076171875, 944.9720458984375, 943.9166259765625, 813.3825073242188, 728.3023071289062, 757.0338134765625, 797.5372924804688, 795.3584594726562, 816.7311401367188, 770.0775146484375, 764.6910400390625, 792.9825439453125, 789.3411254882812, 726.5714111328125, 678.4866943359375, 688.2290649414062, 700.5257568359375, 662.5955200195312, 627.7371215820312, 620.4254150390625, 639.7664794921875, 652.0628051757812, 649.2891845703125, 668.3845825195312, 681.3402709960938, 723.25146484375, 653.7659301757812, 640.9234619140625, 651.7289428710938, 679.106201171875, 714.3914184570312], "val_mae": [9149.3115234375, 8921.3935546875, 9584.337890625, 9508.015625, 9492.580078125, 9025.283203125, 8724.62890625, 8832.2109375, 7781.90771484375, 7588.0205078125, 6593.55078125, 5581.8837890625, 4673.078125, 3333.665283203125, 3605.74853515625, 4472.8310546875, 5843.2041015625, 6220.53173828125, 5445.0126953125, 5345.5107421875, 6464.2373046875, 5323.9228515625, 4708.7041015625, 3061.16650390625, 3167.094970703125, 4740.5439453125, 4735.146484375, 3179.97998046875, 2776.075927734375, 2423.080078125, 2589.260986328125, 2425.554931640625, 2224.04052734375, 1646.7640380859375, 1755.3226318359375, 1603.8824462890625, 1721.6207275390625, 1487.94921875, 1952.4150390625, 1080.448486328125, 1271.9866943359375, 857.8347778320312, 1064.6343994140625, 994.3084716796875, 1361.456298828125, 1139.49853515625, 1240.562744140625, 1150.5938720703125, 990.9439697265625, 1009.6578369140625, 1317.0826416015625, 887.4969482421875, 891.3059692382812, 792.7628784179688, 657.27294921875, 650.5638427734375, 693.5343017578125, 1001.005859375, 891.5084228515625, 1182.400390625, 1023.5797729492188, 972.3814697265625, 919.15625, 851.0994873046875, 996.82568359375, 1093.6614990234375, 1002.5153198242188, 966.1653442382812, 899.1130981445312, 1016.6437377929688, 888.4221801757812, 887.23828125, 756.5553588867188, 671.3937377929688, 700.1305541992188, 740.5453491210938, 738.2493896484375, 759.5700073242188, 712.9402465820312, 707.6937255859375, 736.0487670898438, 732.4185791015625, 669.5374755859375, 621.3767700195312, 631.1846923828125, 643.4490966796875, 605.4404296875, 570.483154296875, 563.1626586914062, 582.4910278320312, 594.7554321289062, 591.9313354492188, 611.0477294921875, 624.0095825195312, 665.9412841796875, 596.3682861328125, 583.5010986328125, 594.3816528320312, 621.8399658203125, 657.1585083007812],